Class,P1,P2,P3,P4,P5,P6,P7,P8,P9,P10
A,H,F,S,S,W,E,T,Q,Q,G
A,W,T,H,R,D,A,S,T,P,W
A,W,Y,E,K,W,Q,K,A,N,W
A,W,M,E,T,K,W,Q,A,R,A
A,G,T,W,S,E,H,Q,N,G,W
A,E,T,W,S,M,Q,Q,H,E,W
A,W,R,A,G,Q,A,Q,M,Q,W
A,W,K,P,W,M,E,P,Q,H,S
A,A,M,Q,Q,Q,W,E,M,S,Q
A,R,W,Q,I,E,E,H,F,A,P
A,P,E,E,S,Q,E,G,W,M,A
A,T,G,E,W,G,M,Q,G,I,H
A,E,E,P,H,W,E,E,M,A,A
A,W,W,K,V,A,N,I,H,S,K
A,R,H,W,H,S,W,T,W,E,I
A,M,N,W,K,W,G,L,E,S,M
A,N,W,T,A,K,W,T,Q,T,H
A,H,W,I,K,I,P,P,W,M,W
A,H,W,K,Q,K,V,H,W,W,G
A,W,H,K,W,W,T,H,G,H,W
A,K,Y,W,Q,M,W,M,S,W,K
A,K,W,Q,W,K,Q,A,G,A,Q
A,E,H,Q,Q,W,K,E,T,W,H
A,G,Q,W,Q,W,M,D,A,G,W
A,Q,W,T,W,K,I,Q,V,M,K
A,T,G,H,E,P,M,E,G,W,G
A,H,W,K,G,E,M,H,T,D,F
A,P,E,E,G,P,H,S,L,W,H
A,E,W,V,E,A,M,G,G,H,T
A,W,P,A,M,G,W,N,M,E,Q
A,K,W,A,I,W,E,M,K,G,H
A,G,E,T,W,E,T,H,Y,S,E
A,W,V,H,K,R,L,N,W,T,V
A,W,S,W,P,K,V,K,S,F,W
A,M,L,G,W,M,H,Q,S,W,Q
A,N,W,K,W,Q,M,K,W,T,Q
A,E,W,H,V,K,W,S,E,A,I
A,L,A,G,V,P,M,H,W,Y,T
A,H,F,S,S,W,E,T,Q,Q,G
A,W,T,H,R,D,A,S,T,P,W
A,W,Y,E,K,W,Q,K,A,N,W
A,W,M,E,T,K,W,Q,A,R,A
A,G,T,W,S,E,H,Q,N,G,W
A,E,T,W,S,M,Q,Q,H,E,W
A,W,R,A,G,Q,A,Q,M,Q,W
A,W,K,P,W,M,E,P,Q,H,S
A,A,M,Q,Q,Q,W,E,M,S,Q
A,R,W,Q,I,E,E,H,F,A,P
A,P,E,E,S,Q,E,G,W,M,A
A,T,G,E,W,G,M,Q,G,I,H
A,E,E,P,H,W,E,E,M,A,A
A,W,W,K,V,A,N,I,H,S,K
A,R,H,W,H,S,W,T,W,E,I
A,M,N,W,K,W,G,L,E,S,M
A,N,W,T,A,K,W,T,Q,T,H
A,H,W,I,K,I,P,P,W,M,W
A,H,W,K,Q,K,V,H,W,W,G
A,W,H,K,W,W,T,H,G,H,W
A,K,Y,W,Q,M,W,M,S,W,K
A,K,W,Q,W,K,Q,A,G,A,Q
A,E,H,Q,Q,W,K,E,T,W,H
A,G,Q,W,Q,W,M,D,A,G,W
A,Q,W,T,W,K,I,Q,V,M,K
A,T,G,H,E,P,M,E,G,W,G
A,H,W,K,G,E,M,H,T,D,F
A,P,E,E,G,P,H,S,L,W,H
A,E,W,V,E,A,M,G,G,H,T
A,W,P,A,M,G,W,N,M,E,Q
A,K,W,A,I,W,E,M,K,G,H
A,G,E,T,W,E,T,H,Y,S,E
A,W,V,H,K,R,L,N,W,T,V
A,W,S,W,P,K,V,K,S,F,W
A,M,L,G,W,M,H,Q,S,W,Q
A,N,W,K,W,Q,M,K,W,T,Q
A,E,W,H,V,K,W,S,E,A,I
A,L,A,G,V,P,M,H,W,Y,T
A,H,F,S,S,W,E,T,Q,Q,G
A,W,T,H,R,D,A,S,T,P,W
A,W,Y,E,K,W,Q,K,A,N,W
A,W,M,E,T,K,W,Q,A,R,A
A,G,T,W,S,E,H,Q,N,G,W
A,E,T,W,S,M,Q,Q,H,E,W
A,W,R,A,G,Q,A,Q,M,Q,W
A,W,K,P,W,M,E,P,Q,H,S
A,A,M,Q,Q,Q,W,E,M,S,Q
A,R,W,Q,I,E,E,H,F,A,P
A,P,E,E,S,Q,E,G,W,M,A
A,T,G,E,W,G,M,Q,G,I,H
A,E,E,P,H,W,E,E,M,A,A
A,W,W,K,V,A,N,I,H,S,K
A,R,H,W,H,S,W,T,W,E,I
A,M,N,W,K,W,G,L,E,S,M
A,N,W,T,A,K,W,T,Q,T,H
A,H,W,I,K,I,P,P,W,M,W
A,H,W,K,Q,K,V,H,W,W,G
A,W,H,K,W,W,T,H,G,H,W
A,K,Y,W,Q,M,W,M,S,W,K
A,K,W,Q,W,K,Q,A,G,A,Q
A,E,H,Q,Q,W,K,E,T,W,H
A,G,Q,W,Q,W,M,D,A,G,W
A,Q,W,T,W,K,I,Q,V,M,K
A,T,G,H,E,P,M,E,G,W,G
A,H,W,K,G,E,M,H,T,D,F
A,P,E,E,G,P,H,S,L,W,H
A,E,W,V,E,A,M,G,G,H,T
A,W,P,A,M,G,W,N,M,E,Q
A,K,W,A,I,W,E,M,K,G,H
A,G,E,T,W,E,T,H,Y,S,E
A,W,V,H,K,R,L,N,W,T,V
A,W,S,W,P,K,V,K,S,F,W
A,M,L,G,W,M,H,Q,S,W,Q
A,N,W,K,W,Q,M,K,W,T,Q
A,E,W,H,V,K,W,S,E,A,I
A,L,A,G,V,P,M,H,W,Y,T
A,H,F,S,S,W,E,T,Q,Q,G
A,W,T,H,R,D,A,S,T,P,W
A,W,Y,E,K,W,Q,K,A,N,W
A,W,M,E,T,K,W,Q,A,R,A
A,G,T,W,S,E,H,Q,N,G,W
A,E,T,W,S,M,Q,Q,H,E,W
A,W,R,A,G,Q,A,Q,M,Q,W
A,W,K,P,W,M,E,P,Q,H,S
A,A,M,Q,Q,Q,W,E,M,S,Q
A,R,W,Q,I,E,E,H,F,A,P
A,P,E,E,S,Q,E,G,W,M,A
A,T,G,E,W,G,M,Q,G,I,H
A,E,E,P,H,W,E,E,M,A,A
A,W,W,K,V,A,N,I,H,S,K
A,R,H,W,H,S,W,T,W,E,I
A,M,N,W,K,W,G,L,E,S,M
A,N,W,T,A,K,W,T,Q,T,H
A,H,W,I,K,I,P,P,W,M,W
A,H,W,K,Q,K,V,H,W,W,G
A,W,H,K,W,W,T,H,G,H,W
A,K,Y,W,Q,M,W,M,S,W,K
A,K,W,Q,W,K,Q,A,G,A,Q
A,E,H,Q,Q,W,K,E,T,W,H
A,G,Q,W,Q,W,M,D,A,G,W
A,Q,W,T,W,K,I,Q,V,M,K
A,T,G,H,E,P,M,E,G,W,G
A,H,W,K,G,E,M,H,T,D,F
A,P,E,E,G,P,H,S,L,W,H
A,E,W,V,E,A,M,G,G,H,T
A,W,P,A,M,G,W,N,M,E,Q
A,K,W,A,I,W,E,M,K,G,H
A,G,E,T,W,E,T,H,Y,S,E
A,W,V,H,K,R,L,N,W,T,V
A,W,S,W,P,K,V,K,S,F,W
A,M,L,G,W,M,H,Q,S,W,Q
A,N,W,K,W,Q,M,K,W,T,Q
A,E,W,H,V,K,W,S,E,A,I
A,L,A,G,V,P,M,H,W,Y,T
A,H,F,S,S,W,E,T,Q,Q,G
A,W,T,H,R,D,A,S,T,P,W
A,W,Y,E,K,W,Q,K,A,N,W
A,W,M,E,T,K,W,Q,A,R,A
A,G,T,W,S,E,H,Q,N,G,W
A,E,T,W,S,M,Q,Q,H,E,W
A,W,R,A,G,Q,A,Q,M,Q,W
A,W,K,P,W,M,E,P,Q,H,S
A,A,M,Q,Q,Q,W,E,M,S,Q
A,R,W,Q,I,E,E,H,F,A,P
A,P,E,E,S,Q,E,G,W,M,A
A,T,G,E,W,G,M,Q,G,I,H
A,E,E,P,H,W,E,E,M,A,A
A,W,W,K,V,A,N,I,H,S,K
A,R,H,W,H,S,W,T,W,E,I
A,M,N,W,K,W,G,L,E,S,M
A,N,W,T,A,K,W,T,Q,T,H
A,H,W,I,K,I,P,P,W,M,W
A,H,W,K,Q,K,V,H,W,W,G
A,W,H,K,W,W,T,H,G,H,W
A,K,Y,W,Q,M,W,M,S,W,K
A,K,W,Q,W,K,Q,A,G,A,Q
A,E,H,Q,Q,W,K,E,T,W,H
A,G,Q,W,Q,W,M,D,A,G,W
A,Q,W,T,W,K,I,Q,V,M,K
A,T,G,H,E,P,M,E,G,W,G
A,H,W,K,G,E,M,H,T,D,F
A,P,E,E,G,P,H,S,L,W,H
A,E,W,V,E,A,M,G,G,H,T
A,W,P,A,M,G,W,N,M,E,Q
A,K,W,A,I,W,E,M,K,G,H
A,G,E,T,W,E,T,H,Y,S,E
A,W,V,H,K,R,L,N,W,T,V
A,W,S,W,P,K,V,K,S,F,W
A,M,L,G,W,M,H,Q,S,W,Q
A,N,W,K,W,Q,M,K,W,T,Q
A,E,W,H,V,K,W,S,E,A,I
A,L,A,G,V,P,M,H,W,Y,T
A,H,F,S,S,W,E,T,Q,Q,G
A,W,T,H,R,D,A,S,T,P,W
A,W,Y,E,K,W,Q,K,A,N,W
A,W,M,E,T,K,W,Q,A,R,A
A,G,T,W,S,E,H,Q,N,G,W
A,E,T,W,S,M,Q,Q,H,E,W
A,W,R,A,G,Q,A,Q,M,Q,W
A,W,K,P,W,M,E,P,Q,H,S
A,A,M,Q,Q,Q,W,E,M,S,Q
A,R,W,Q,I,E,E,H,F,A,P
A,P,E,E,S,Q,E,G,W,M,A
A,T,G,E,W,G,M,Q,G,I,H
A,E,E,P,H,W,E,E,M,A,A
A,W,W,K,V,A,N,I,H,S,K
A,R,H,W,H,S,W,T,W,E,I
A,M,N,W,K,W,G,L,E,S,M
A,N,W,T,A,K,W,T,Q,T,H
A,H,W,I,K,I,P,P,W,M,W
A,H,W,K,Q,K,V,H,W,W,G
A,W,H,K,W,W,T,H,G,H,W
A,K,Y,W,Q,M,W,M,S,W,K
A,K,W,Q,W,K,Q,A,G,A,Q
A,E,H,Q,Q,W,K,E,T,W,H
A,G,Q,W,Q,W,M,D,A,G,W
A,Q,W,T,W,K,I,Q,V,M,K
A,T,G,H,E,P,M,E,G,W,G
A,H,W,K,G,E,M,H,T,D,F
A,P,E,E,G,P,H,S,L,W,H
A,E,W,V,E,A,M,G,G,H,T
A,W,P,A,M,G,W,N,M,E,Q
A,K,W,A,I,W,E,M,K,G,H
A,G,E,T,W,E,T,H,Y,S,E
A,W,V,H,K,R,L,N,W,T,V
A,W,S,W,P,K,V,K,S,F,W
A,M,L,G,W,M,H,Q,S,W,Q
A,N,W,K,W,Q,M,K,W,T,Q
A,E,W,H,V,K,W,S,E,A,I
A,L,A,G,V,P,M,H,W,Y,T
A,H,F,S,S,W,E,T,Q,Q,G
A,W,T,H,R,D,A,S,T,P,W
A,W,Y,E,K,W,Q,K,A,N,W
A,W,M,E,T,K,W,Q,A,R,A
A,G,T,W,S,E,H,Q,N,G,W
A,E,T,W,S,M,Q,Q,H,E,W
A,W,R,A,G,Q,A,Q,M,Q,W
A,W,K,P,W,M,E,P,Q,H,S
A,A,M,Q,Q,Q,W,E,M,S,Q
A,R,W,Q,I,E,E,H,F,A,P
A,P,E,E,S,Q,E,G,W,M,A
A,T,G,E,W,G,M,Q,G,I,H
A,E,E,P,H,W,E,E,M,A,A
A,W,W,K,V,A,N,I,H,S,K
A,R,H,W,H,S,W,T,W,E,I
A,M,N,W,K,W,G,L,E,S,M
A,N,W,T,A,K,W,T,Q,T,H
A,H,W,I,K,I,P,P,W,M,W
A,H,W,K,Q,K,V,H,W,W,G
A,W,H,K,W,W,T,H,G,H,W
A,K,Y,W,Q,M,W,M,S,W,K
A,K,W,Q,W,K,Q,A,G,A,Q
A,E,H,Q,Q,W,K,E,T,W,H
A,G,Q,W,Q,W,M,D,A,G,W
A,Q,W,T,W,K,I,Q,V,M,K
A,T,G,H,E,P,M,E,G,W,G
A,H,W,K,G,E,M,H,T,D,F
A,P,E,E,G,P,H,S,L,W,H
A,E,W,V,E,A,M,G,G,H,T
A,W,P,A,M,G,W,N,M,E,Q
A,K,W,A,I,W,E,M,K,G,H
A,G,E,T,W,E,T,H,Y,S,E
A,W,V,H,K,R,L,N,W,T,V
A,W,S,W,P,K,V,K,S,F,W
A,M,L,G,W,M,H,Q,S,W,Q
A,N,W,K,W,Q,M,K,W,T,Q
A,E,W,H,V,K,W,S,E,A,I
A,L,A,G,V,P,M,H,W,Y,T
A,H,F,S,S,W,E,T,Q,Q,G
A,W,T,H,R,D,A,S,T,P,W
A,W,Y,E,K,W,Q,K,A,N,W
A,W,M,E,T,K,W,Q,A,R,A
A,G,T,W,S,E,H,Q,N,G,W
A,E,T,W,S,M,Q,Q,H,E,W
A,W,R,A,G,Q,A,Q,M,Q,W
A,W,K,P,W,M,E,P,Q,H,S
A,A,M,Q,Q,Q,W,E,M,S,Q
A,R,W,Q,I,E,E,H,F,A,P
A,P,E,E,S,Q,E,G,W,M,A
A,T,G,E,W,G,M,Q,G,I,H
A,E,E,P,H,W,E,E,M,A,A
A,W,W,K,V,A,N,I,H,S,K
A,R,H,W,H,S,W,T,W,E,I
A,M,N,W,K,W,G,L,E,S,M
A,N,W,T,A,K,W,T,Q,T,H
A,H,W,I,K,I,P,P,W,M,W
A,H,W,K,Q,K,V,H,W,W,G
A,W,H,K,W,W,T,H,G,H,W
A,K,Y,W,Q,M,W,M,S,W,K
A,K,W,Q,W,K,Q,A,G,A,Q
A,E,H,Q,Q,W,K,E,T,W,H
A,G,Q,W,Q,W,M,D,A,G,W
A,Q,W,T,W,K,I,Q,V,M,K
A,T,G,H,E,P,M,E,G,W,G
A,H,W,K,G,E,M,H,T,D,F
A,P,E,E,G,P,H,S,L,W,H
A,E,W,V,E,A,M,G,G,H,T
A,W,P,A,M,G,W,N,M,E,Q
A,K,W,A,I,W,E,M,K,G,H
A,G,E,T,W,E,T,H,Y,S,E
A,W,V,H,K,R,L,N,W,T,V
A,W,S,W,P,K,V,K,S,F,W
A,M,L,G,W,M,H,Q,S,W,Q
A,N,W,K,W,Q,M,K,W,T,Q
A,E,W,H,V,K,W,S,E,A,I
A,L,A,G,V,P,M,H,W,Y,T
A,H,F,S,S,W,E,T,Q,Q,G
A,W,T,H,R,D,A,S,T,P,W
A,W,Y,E,K,W,Q,K,A,N,W
A,W,M,E,T,K,W,Q,A,R,A
A,G,T,W,S,E,H,Q,N,G,W
A,E,T,W,S,M,Q,Q,H,E,W
A,W,R,A,G,Q,A,Q,M,Q,W
A,W,K,P,W,M,E,P,Q,H,S
A,A,M,Q,Q,Q,W,E,M,S,Q
A,R,W,Q,I,E,E,H,F,A,P
A,P,E,E,S,Q,E,G,W,M,A
A,T,G,E,W,G,M,Q,G,I,H
A,E,E,P,H,W,E,E,M,A,A
A,W,W,K,V,A,N,I,H,S,K
A,R,H,W,H,S,W,T,W,E,I
A,M,N,W,K,W,G,L,E,S,M
A,N,W,T,A,K,W,T,Q,T,H
A,H,W,I,K,I,P,P,W,M,W
A,H,W,K,Q,K,V,H,W,W,G
A,W,H,K,W,W,T,H,G,H,W
A,K,Y,W,Q,M,W,M,S,W,K
A,K,W,Q,W,K,Q,A,G,A,Q
A,E,H,Q,Q,W,K,E,T,W,H
A,G,Q,W,Q,W,M,D,A,G,W
A,Q,W,T,W,K,I,Q,V,M,K
A,T,G,H,E,P,M,E,G,W,G
A,H,W,K,G,E,M,H,T,D,F
A,P,E,E,G,P,H,S,L,W,H
A,E,W,V,E,A,M,G,G,H,T
A,W,P,A,M,G,W,N,M,E,Q
A,K,W,A,I,W,E,M,K,G,H
A,G,E,T,W,E,T,H,Y,S,E
A,W,V,H,K,R,L,N,W,T,V
A,W,S,W,P,K,V,K,S,F,W
A,M,L,G,W,M,H,Q,S,W,Q
A,N,W,K,W,Q,M,K,W,T,Q
A,E,W,H,V,K,W,S,E,A,I
A,L,A,G,V,P,M,H,W,Y,T
A,H,F,S,S,W,E,T,Q,Q,G
A,W,T,H,R,D,A,S,T,P,W
A,W,Y,E,K,W,Q,K,A,N,W
A,W,M,E,T,K,W,Q,A,R,A
A,G,T,W,S,E,H,Q,N,G,W
A,E,T,W,S,M,Q,Q,H,E,W
A,W,R,A,G,Q,A,Q,M,Q,W
A,W,K,P,W,M,E,P,Q,H,S
A,A,M,Q,Q,Q,W,E,M,S,Q
A,R,W,Q,I,E,E,H,F,A,P
A,P,E,E,S,Q,E,G,W,M,A
A,T,G,E,W,G,M,Q,G,I,H
A,E,E,P,H,W,E,E,M,A,A
A,W,W,K,V,A,N,I,H,S,K
A,R,H,W,H,S,W,T,W,E,I
A,M,N,W,K,W,G,L,E,S,M
A,N,W,T,A,K,W,T,Q,T,H
A,H,W,I,K,I,P,P,W,M,W
A,H,W,K,Q,K,V,H,W,W,G
A,W,H,K,W,W,T,H,G,H,W
A,K,Y,W,Q,M,W,M,S,W,K
A,K,W,Q,W,K,Q,A,G,A,Q
A,E,H,Q,Q,W,K,E,T,W,H
A,G,Q,W,Q,W,M,D,A,G,W
A,Q,W,T,W,K,I,Q,V,M,K
A,T,G,H,E,P,M,E,G,W,G
A,H,W,K,G,E,M,H,T,D,F
A,P,E,E,G,P,H,S,L,W,H
A,E,W,V,E,A,M,G,G,H,T
A,W,P,A,M,G,W,N,M,E,Q
A,K,W,A,I,W,E,M,K,G,H
A,G,E,T,W,E,T,H,Y,S,E
A,W,V,H,K,R,L,N,W,T,V
A,W,S,W,P,K,V,K,S,F,W
A,M,L,G,W,M,H,Q,S,W,Q
A,N,W,K,W,Q,M,K,W,T,Q
A,E,W,H,V,K,W,S,E,A,I
A,L,A,G,V,P,M,H,W,Y,T
A,H,F,S,S,W,E,T,Q,Q,G
A,W,T,H,R,D,A,S,T,P,W
A,W,Y,E,K,W,Q,K,A,N,W
A,W,M,E,T,K,W,Q,A,R,A
A,G,T,W,S,E,H,Q,N,G,W
A,E,T,W,S,M,Q,Q,H,E,W
A,W,R,A,G,Q,A,Q,M,Q,W
A,W,K,P,W,M,E,P,Q,H,S
A,A,M,Q,Q,Q,W,E,M,S,Q
A,R,W,Q,I,E,E,H,F,A,P
A,P,E,E,S,Q,E,G,W,M,A
A,T,G,E,W,G,M,Q,G,I,H
A,E,E,P,H,W,E,E,M,A,A
A,W,W,K,V,A,N,I,H,S,K
A,R,H,W,H,S,W,T,W,E,I
A,M,N,W,K,W,G,L,E,S,M
A,N,W,T,A,K,W,T,Q,T,H
A,H,W,I,K,I,P,P,W,M,W
A,H,W,K,Q,K,V,H,W,W,G
A,W,H,K,W,W,T,H,G,H,W
A,K,Y,W,Q,M,W,M,S,W,K
A,K,W,Q,W,K,Q,A,G,A,Q
A,E,H,Q,Q,W,K,E,T,W,H
A,G,Q,W,Q,W,M,D,A,G,W
A,Q,W,T,W,K,I,Q,V,M,K
A,T,G,H,E,P,M,E,G,W,G
A,H,W,K,G,E,M,H,T,D,F
A,H,F,S,S,W,E,T,Q,Q,G
A,W,T,H,R,D,A,S,T,P,W
A,W,Y,E,K,W,Q,K,A,N,W
A,W,M,E,T,K,W,Q,A,R,A
A,G,T,W,S,E,H,Q,N,G,W
A,E,T,W,S,M,Q,Q,H,E,W
A,W,R,A,G,Q,A,Q,M,Q,W
A,W,K,P,W,M,E,P,Q,H,S
A,A,M,Q,Q,Q,W,E,M,S,Q
A,R,W,Q,I,E,E,H,F,A,P
A,P,E,E,S,Q,E,G,W,M,A
A,T,G,E,W,G,M,Q,G,I,H
A,E,E,P,H,W,E,E,M,A,A
A,W,W,K,V,A,N,I,H,S,K
A,R,H,W,H,S,W,T,W,E,I
A,M,N,W,K,W,G,L,E,S,M
A,N,W,T,A,K,W,T,Q,T,H
A,H,W,I,K,I,P,P,W,M,W
A,H,W,K,Q,K,V,H,W,W,G
A,W,H,K,W,W,T,H,G,H,W
A,K,Y,W,Q,M,W,M,S,W,K
A,K,W,Q,W,K,Q,A,G,A,Q
A,E,H,Q,Q,W,K,E,T,W,H
B,K,H,E,E,R,L,T,A,S,S
B,W,Q,G,H,W,H,I,R,A,S
B,Q,K,L,G,K,T,G,T,Y,M
B,Q,E,M,H,W,E,Q,K,A,A
B,T,G,G,S,Q,T,S,G,H,H
B,K,M,E,S,M,I,R,Q,G,L
B,V,W,S,W,W,Y,W,G,I,W
B,H,T,K,S,Q,E,M,M,E,H
B,M,A,D,R,R,W,I,K,A,H
B,K,M,S,G,R,N,K,L,F,H
B,G,P,L,R,I,L,G,L,A,K
B,E,H,H,G,R,E,H,K,M,L
B,R,W,S,A,K,W,S,R,S,H
B,G,K,Q,G,H,W,P,R,T,W
B,Q,E,H,R,M,A,E,R,H,N
B,K,R,H,T,R,D,G,G,L,E
B,G,H,A,G,K,P,Y,P,A,L
B,R,R,K,M,M,Q,N,H,S,S
B,R,A,S,H,W,A,R,S,H,M
B,Q,T,N,H,T,G,L,N,Q,E
B,K,S,H,H,H,R,R,L,Q,L
B,K,V,H,H,I,G,T,N,W,E
B,E,E,H,Q,P,A,G,R,H,Q
B,V,N,E,H,R,R,R,V,E,G
B,E,E,N,A,I,T,W,I,W,A
B,N,H,R,T,Q,R,H,P,H,M
B,Q,M,T,Q,R,K,Q,H,S,Q
B,K,H,R,H,I,K,K,G,M,A
B,K,V,R,E,I,M,W,G,G,H
B,A,S,D,S,H,L,G,H,I,R
B,Q,K,W,S,E,H,H,L,S,K
B,H,K,G,A,L,H,K,V,H,H
B,E,E,Q,E,S,E,I,S,E,Q
B,A,P,R,S,H,I,G,H,H,A
B,T,N,W,H,Q,W,H,T,Y,R
B,A,K,R,W,R,D,W,S,G,F
B,H,K,Y,M,H,G,H,H,Q,M
B,Q,T,H,V,L,W,F,Q,A,H
B,S,L,F,I,Q,W,E,E,T,E
B,T,L,L,W,M,V,W,L,W,S
B,S,H,Q,R,G,A,T,A,M,H
B,R,T,I,T,K,R,W,L,W,P
B,M,S,P,V,V,K,S,H,Q,K
B,E,A,W,I,W,A,N,W,I,S
B,I,E,A,M,L,K,G,W,W,Y
B,H,Q,M,S,L,E,Q,E,Q,K
B,M,G,A,E,M,H,P,P,T,S
B,S,S,H,L,R,E,S,A,S,H
B,T,I,S,H,T,H,R,H,Q,R
B,Q,W,W,A,F,W,W,E,W,I
B,W,W,I,G,F,A,M,K,K,M
B,M,K,M,G,H,G,P,R,P,R
B,S,L,H,R,R,R,A,F,S,T
B,A,Q,S,Q,W,M,K,K,K,W
B,R,Q,S,A,Q,I,Q,K,W,R
B,A,L,G,G,N,E,A,T,D,T
B,R,L,W,K,R,G,G,H,K,L
B,A,R,W,A,H,F,I,R,K,W
B,L,E,I,H,P,E,P,R,R,R
B,K,R,Q,Q,Q,M,T,A,I,W
B,A,E,N,G,S,L,A,Y,S,S
B,A,H,H,H,G,G,S,E,Q,T
B,K,R,W,K,T,G,L,D,P,K
B,R,M,T,E,R,K,H,H,R,Q
B,G,K,R,R,I,Y,S,S,Q,H
B,H,G,R,H,K,R,M,P,Q,I
B,A,Y,I,H,S,L,R,L,F,I
B,S,K,H,G,H,E,D,H,E,S
B,W,E,A,Y,A,L,I,S,L,S
B,T,R,R,P,Y,R,W,S,M,M
B,S,K,W,K,A,H,Q,E,T,K
B,E,S,V,T,T,H,T,S,A,F
B,G,H,A,G,L,M,Y,M,A,L
B,M,I,K,L,T,K,A,I,A,E
B,M,W,T,V,K,L,L,S,S,R
B,M,G,T,I,L,L,T,N,S,H
B,H,N,W,L,Q,S,H,R,G,Q
B,R,H,S,E,Q,G,T,D,H,M
B,K,H,W,M,K,V,S,P,M,K
B,K,K,S,G,G,V,F,H,L,R
B,I,H,W,K,L,V,P,K,K,L
B,S,H,W,R,L,I,R,R,K,S
B,E,I,Q,S,V,E,N,E,A,F
B,R,S,T,A,H,W,S,A,S,Q
B,K,Q,R,A,G,H,D,K,M,W
B,R,H,S,E,V,W,T,K,H,V
B,V,A,W,V,K,W,L,W,Q,W
B,K,S,I,R,W,L,S,A,G,H
B,L,K,D,L,S,Y,K,R,D,K
B,K,G,A,H,H,R,A,S,E,A
B,T,K,S,R,L,P,T,H,H,R
B,L,G,R,V,A,M,A,D,L,L
B,H,H,K,T,T,G,W,M,H,K
B,S,S,R,Q,Y,A,W,P,D,T
B,H,A,H,S,K,Q,W,T,V,S
B,K,E,A,H,H,E,W,H,G,A
B,E,H,G,E,H,H,Y,V,E,K
B,M,H,K,E,I,Q,G,A,G,R
B,G,T,H,I,H,K,K,S,L,S
B,I,H,F,H,H,K,A,S,T,L
B,M,T,M,R,V,L,H,I,S,V
B,H,M,W,A,H,H,G,K,T,R
B,R,N,P,S,H,E,A,K,M,Y
B,K,R,H,S,Q,V,I,V,H,L
B,Y,K,P,M,V,R,S,G,Y,H
B,G,L,T,E,W,L,S,D,R,G
B,Q,A,H,D,G,G,H,Q,R,H
B,G,S,I,W,Q,E,A,K,T,Q
B,Q,G,N,D,S,L,E,S,T,G
B,A,G,I,M,L,T,K,G,M,E
B,G,H,T,Q,A,I,H,H,H,K
B,H,H,R,G,Y,Q,W,S,P,G
B,Q,Q,K,D,M,A,S,S,Q,G
B,K,A,Q,K,T,S,H,G,K,W
B,H,E,K,S,M,H,W,L,R,S
B,L,G,K,Q,E,H,A,T,R,L
B,M,I,R,L,S,A,A,E,I,R
B,H,T,S,K,H,S,W,H,I,Q
B,K,G,K,Q,G,S,A,G,G,W
B,I,W,R,R,K,S,T,S,A,M
B,E,S,S,L,P,G,G,A,E,E
B,Q,H,T,K,S,K,L,S,M,L
B,R,L,Q,T,E,R,A,G,W,K
B,R,S,A,A,T,K,H,L,H,T
B,R,G,F,E,R,G,T,R,H,K
B,S,T,L,H,M,N,V,V,A,H
B,G,E,V,G,T,K,E,H,M,H
B,Q,N,E,Q,K,L,D,V,G,F
B,L,H,G,T,L,H,R,M,S,R
B,I,A,K,S,H,T,R,G,H,Q
B,K,M,T,G,G,V,S,H,K,R
B,H,S,K,R,K,K,H,M,A,M
B,T,S,T,Q,P,M,T,Q,T,H
B,T,T,H,E,T,V,R,L,G,T
B,K,G,L,H,S,G,S,R,N,N
B,S,S,I,H,K,R,Y,V,A,H
B,T,I,M,E,L,E,P,Y,L,W
B,H,E,H,Q,T,L,H,K,Y,M
B,M,Q,Q,W,H,G,E,K,G,R
B,Y,H,K,H,T,E,L,R,I,H
B,K,S,M,S,R,E,K,Y,T,A
B,L,W,Y,L,S,S,R,R,K,A
B,E,R,N,H,Q,K,S,Q,K,H
B,A,Y,I,H,T,K,R,K,S,L
B,A,T,R,K,K,R,E,T,W,Q
B,V,H,H,N,H,G,R,W,H,K
B,G,H,A,H,M,S,Y,T,A,K
B,E,S,G,H,H,H,S,E,S,K
B,E,T,H,H,G,A,M,K,R,S
B,H,Q,H,I,E,R,A,M,A,N
B,L,T,S,H,V,H,G,G,T,K
B,K,Q,Q,R,A,W,K,H,H,G
B,R,S,Q,W,W,S,W,A,L,G
B,R,R,Q,N,K,I,R,V,G,M
B,T,M,H,V,H,R,H,E,A,N
B,T,G,G,S,E,T,S,G,H,H
B,S,M,H,H,S,F,Q,Q,A,K
B,A,E,A,K,S,S,I,K,H,H
B,K,T,E,H,S,M,Q,G,G,M
B,W,S,R,H,H,H,H,A,K,H
B,I,A,T,S,L,A,E,I,H,K
B,T,K,W,K,I,Y,I,K,K,W
B,T,P,H,E,H,Q,K,E,L,E
B,H,V,H,S,H,E,E,N,G,T
B,E,A,T,S,Q,M,W,S,E,R
B,V,S,S,D,I,E,V,T,E,N
B,R,S,M,S,L,H,R,V,L,I
B,S,W,H,G,K,Q,T,K,S,G
B,V,H,E,Y,M,E,R,K,N,S
B,R,W,R,M,Y,T,K,S,R,A
B,S,E,T,I,S,Q,G,M,R,A
B,T,Q,M,R,F,H,I,H,K,H
B,R,K,Q,L,W,R,V,I,I,L
B,G,W,W,A,A,T,L,S,L,R
B,T,K,K,G,E,S,S,S,W,K
B,L,Q,A,G,H,D,S,G,G,A
B,T,K,I,Q,R,Q,A,S,S,W
B,A,S,S,G,H,H,K,E,T,R
B,K,S,M,V,V,K,S,H,R,K
B,P,K,K,A,A,P,Q,H,Q,T
B,S,S,E,E,M,H,H,K,G,V
B,V,K,F,G,Y,G,H,G,M,V
B,L,G,S,H,H,H,S,R,K,H
B,N,K,L,M,K,R,V,R,M,F
B,S,R,H,H,H,H,H,E,R,R
B,I,W,F,M,T,A,M,K,K,L
B,L,V,K,H,R,W,W,G,S,Q
B,E,I,Q,Y,S,K,L,K,L,T
B,K,S,K,G,M,A,R,P,H,G
B,Y,S,A,K,R,K,L,Q,H,R
B,T,I,H,R,L,S,S,G,M,M
B,H,T,K,A,E,I,H,E,K,K
B,E,H,G,Q,H,H,Y,V,Q,K
B,G,W,I,E,Q,K,G,M,R,K
B,L,A,Q,Q,H,G,K,G,S,E
B,S,L,M,I,D,W,E,Q,S,Q
B,V,Q,A,T,H,D,A,A,S,G
B,H,D,K,P,I,Q,R,Q,R,L
B,R,G,A,M,G,K,K,K,E,A
B,K,G,S,H,I,I,S,R,M,H
B,L,E,A,Q,L,G,K,K,F,K
B,R,S,K,A,E,W,S,K,T,A
B,Q,M,K,S,K,D,V,R,P,S
B,V,A,I,A,H,L,E,G,K,H
B,K,R,F,A,H,T,R,S,S,K
B,S,M,E,E,P,E,K,T,K,I
B,T,Q,I,I,G,P,H,S,K,M
B,A,H,V,G,P,T,E,G,T,V
B,T,S,D,W,S,G,H,G,A,Q
B,Y,G,H,T,F,T,R,Q,K,A
B,H,T,P,A,A,H,T,T,W,A
B,I,E,I,H,M,E,M,A,R,R
B,E,I,S,S,R,K,W,K,E,G
B,M,R,L,A,R,S,E,R,S,H
B,I,E,K,E,T,H,E,E,G,K
B,I,H,W,L,I,V,M,K,L,I
B,L,R,H,S,R,R,G,G,I,Q
B,A,K,H,R,S,A,T,I,T,Q
B,R,E,S,A,L,P,G,H,S,Y
B,K,H,Q,Q,R,I,S,A,P,P
B,L,E,V,R,K,E,T,G,A,Q
B,S,T,A,H,M,T,L,G,S,L
B,K,H,R,V,A,S,A,Q,K,M
B,L,S,Y,S,I,H,I,I,E,T
B,G,R,S,L,S,K,H,G,S,H
B,W,R,Q,R,K,L,Q,N,R,S
B,S,H,K,E,H,Q,K,Y,I,S
B,R,G,K,E,H,V,V,N,D,G
B,E,S,H,H,G,A,K,K,R,F
B,E,G,P,H,T,R,G,K,A,M
B,G,T,T,K,T,H,H,A,E,G
B,R,R,M,H,S,H,K,T,A,V
B,S,I,I,T,K,V,W,I,T,F
B,M,T,Q,S,T,G,H,N,Y,K
B,T,S,A,Q,H,L,R,Q,A,L
B,W,S,Y,E,A,S,F,R,G,A
B,Y,L,S,K,P,S,W,E,R,A
B,A,S,S,G,H,H,K,Q,T,R
B,M,L,R,H,R,T,R,I,K,K
B,G,A,K,Y,H,T,S,A,R,H
B,E,Q,H,L,E,G,K,E,T,M
B,A,E,A,M,T,S,L,K,H,H
B,G,K,M,S,A,L,H,K,Q,K
B,A,G,H,T,R,I,G,N,V,A
B,N,R,P,H,S,H,M,T,R,V
B,R,Q,H,I,W,A,R,T,R,S
B,K,S,S,S,W,H,R,P,L,K
B,T,M,S,E,T,N,K,T,A,R
B,Q,E,G,L,Q,R,D,Q,A,H
B,D,G,P,E,H,V,V,Q,Q,H
B,T,N,L,E,T,G,S,G,G,L
B,Q,S,A,R,T,K,H,K,H,T
B,S,G,I,K,T,Q,Y,E,I,G
B,K,I,H,P,G,E,Q,Y,V,T
B,E,Q,E,S,Q,Y,R,Q,A,G
B,I,H,G,E,P,G,I,R,A,H
B,R,M,S,A,G,T,P,A,M,Q
B,H,T,L,T,G,E,E,R,Q,K
B,G,W,Q,G,S,Y,M,G,K,S
B,D,T,S,T,L,H,Q,V,K,I
B,R,I,S,E,L,S,F,T,S,R
B,Y,K,G,H,F,K,Q,R,M,H
B,G,S,E,I,R,M,H,M,R,S
B,S,F,S,H,L,G,T,Q,T,R
B,W,I,K,T,K,Q,K,R,G,K
B,E,Q,T,A,T,W,G,I,A,S
B,R,A,W,H,A,A,Y,A,R,R
B,S,H,K,D,A,S,V,H,S,Q
B,R,K,E,W,R,Y,A,F,K,S
B,M,A,R,K,Q,A,T,Y,G,R
B,A,G,L,S,E,T,A,A,E,T
B,E,H,G,E,S,V,S,K,K,L
B,R,Q,G,I,R,R,R,R,A,H
B,A,H,H,H,G,G,S,Q,R,T
B,R,E,G,M,G,P,L,G,E,T
B,E,R,E,Q,L,G,S,T,S,K
B,V,M,G,T,G,S,G,K,H,A
B,H,S,G,R,M,H,S,V,H,H
B,Q,S,T,E,Q,M,I,I,R,E
B,T,E,T,L,S,E,G,P,Q,A
B,V,G,Y,E,K,R,H,R,S,E
B,K,S,P,E,A,M,L,G,R,G
B,S,Q,A,S,P,M,H,Q,G,H
B,H,G,L,Y,K,K,T,S,S,R
B,G,A,G,W,Q,S,Q,A,T,L
B,S,K,G,V,G,R,H,E,A,R
B,E,W,H,G,T,T,G,R,K,S
B,K,Q,F,H,K,S,A,L,I,M
B,T,I,S,G,K,E,H,R,H,Q
B,Q,K,R,T,H,A,S,K,E,A
B,K,Y,T,D,M,W,K,P,T,K
B,G,H,W,N,Q,I,G,R,G,V
B,P,L,Q,K,S,A,A,E,L,D
B,G,M,I,R,I,L,G,L,A,L
B,Y,S,I,H,R,G,S,K,S,S
B,H,H,T,K,K,H,K,T,R,G
B,V,Q,E,I,N,R,N,V,E,H
B,E,R,H,L,Q,G,L,Q,S,K
B,S,S,H,K,Q,E,S,A,S,H
B,P,T,W,E,R,I,V,S,T,Q
B,G,E,K,A,I,I,T,G,L,Q
B,H,V,H,S,H,Q,Q,R,G,T
B,K,P,K,P,R,Q,K,Y,S,A
B,L,S,M,Q,A,K,I,G,A,G
B,Q,G,M,H,T,R,G,L,A,K
B,A,K,M,T,V,R,M,K,Q,K
B,K,L,K,Q,T,H,I,P,G,E
B,E,H,G,E,T,V,S,K,K,K
B,R,H,H,S,L,S,T,P,K,H
B,R,Q,T,A,H,H,E,A,R,H
B,R,D,H,H,M,Q,L,S,G,R
B,G,T,E,L,R,P,H,P,D,S
B,R,G,L,E,M,E,D,K,A,K
B,M,K,K,T,T,T,G,L,P,S
B,R,S,H,K,A,R,L,K,L,Q
B,V,H,T,R,S,Y,I,I,V,K
B,K,H,G,I,K,M,H,L,S,K
B,Q,T,S,I,L,A,H,A,H,K
B,T,M,S,H,S,T,G,R,A,I
B,P,R,K,A,D,T,E,Q,S,H
B,E,Q,E,E,P,K,Q,V,G,S
B,T,S,E,A,G,A,G,A,G,T
B,E,Q,A,E,R,T,Y,M,K,L
B,G,W,S,T,R,A,L,K,K,A
B,H,R,G,H,Q,R,A,K,A,R
B,A,K,K,H,H,K,K,R,I,R
B,E,E,H,K,E,N,Q,E,A,H
B,S,K,Q,Q,M,Q,L,S,K,H
B,E,R,Q,H,E,K,T,E,K,I
B,G,Q,L,A,H,H,S,G,L,R
B,T,K,S,E,K,F,H,T,K,L
B,S,S,T,G,Q,E,S,M,T,H
B,K,Q,R,M,R,Q,G,T,L,A
B,V,R,Q,H,R,A,R,V,Q,G
B,K,K,S,E,M,E,K,D,T,R
B,Q,W,S,P,R,A,R,T,G,R
B,L,A,T,S,K,A,G,L,H,K
B,S,S,S,H,G,K,K,T,A,E
B,P,K,T,G,P,S,D,G,H,S
B,H,S,I,S,G,Q,Q,R,R,K
B,V,R,K,A,L,M,G,H,P,I
B,V,H,Q,Y,K,E,R,K,R,S
B,A,T,Q,T,H,K,H,H,L,R
B,P,P,R,G,G,H,K,E,R,R
B,K,K,G,S,M,R,H,G,S,L
B,E,N,Q,I,R,L,S,K,G,E
B,T,Q,A,T,S,S,H,E,H,I
B,G,G,G,R,W,R,A,G,P,A
B,S,G,G,Q,K,K,Q,E,S,E
B,R,S,S,H,H,S,S,Q,K,E
B,A,H,V,G,K,S,E,G,S,V
B,G,A,E,E,E,K,Q,H,V,G
B,K,K,S,H,D,T,T,S,R,R
B,Q,H,A,T,H,P,S,M,G,R
B,R,S,L,T,D,K,L,S,S,D
B,W,K,Q,Q,S,T,S,S,K,A
B,R,R,T,K,H,R,H,Q,S,S
B,V,S,A,K,R,K,K,E,H,N
B,N,Q,H,I,P,E,K,T,G,Q
B,M,V,D,R,K,T,G,A,R,A
B,R,D,E,Q,S,K,H,S,K,T
B,E,R,K,R,M,I,I,T,A,K
B,S,W,W,P,T,V,R,K,S,K
B,H,V,R,K,T,E,A,S,K,T
B,R,G,R,R,S,I,Q,F,T,G
B,R,S,R,G,M,E,H,R,R,E
B,G,D,Q,E,K,Q,R,Q,K,Q
B,G,N,S,K,S,M,I,H,S,H
B,I,H,D,I,S,R,S,T,E,K
B,R,G,L,S,K,A,S,L,I,D
B,H,H,K,S,S,G,W,K,H,K
B,T,I,S,W,R,I,D,V,A,Q
B,S,K,K,T,E,T,V,H,Q,H
B,K,S,H,T,E,K,K,R,A,Q
B,E,T,S,T,G,T,S,A,R,G
B,Q,P,T,G,K,S,K,V,L,S
B,Q,T,T,G,I,H,E,E,K,M
B,S,R,L,E,S,G,S,G,G,L
B,Q,R,S,G,Q,L,A,R,A,E
B,L,L,R,I,S,Y,L,R,R,K
B,G,K,W,A,R,M,I,R,R,P
B,L,P,H,S,Q,K,L,A,A,R
B,R,G,E,K,E,T,A,H,A,T
B,H,Y,A,P,A,I,N,G,K,G
B,R,G,V,R,S,R,T,V,K,M
B,D,S,H,K,A,N,L,K,K,E
B,R,A,S,M,A,T,E,S,T,R
B,D,S,R,G,P,E,I,R,D,E
B,E,A,Q,E,E,L,R,G,V,G
B,N,V,K,A,S,T,Q,V,G,R
B,F,K,P,G,I,G,S,N,S,R
B,Y,Q,A,V,K,P,F,S,R,M
B,H,G,S,R,R,P,T,Q,K,G
B,K,H,G,L,K,P,H,K,T,K
B,R,T,S,D,K,A,H,S,L,G
B,V,K,S,G,V,G,H,G,P,V
B,P,T,T,P,Q,T,E,A,G,E
B,R,K,G,K,E,A,K,S,L,L
B,E,R,S,G,E,L,A,N,A,G
B,M,S,S,T,N,R,H,K,T,T
B,T,K,G,S,I,A,S,L,R,L
B,Q,S,G,H,H,H,S,Q,S,K
B,K,L,S,E,N,S,E,M,H,K
B,S,L,G,S,I,A,F,I,A,I
B,G,E,E,E,K,E,N,E,K,E
B,T,Q,W,A,S,K,M,K,Q,G
B,R,S,G,A,S,R,I,T,M,L
B,Q,S,G,G,R,W,Q,Q,T,L
B,R,R,Y,H,K,G,T,N,T,K
B,I,A,N,D,G,G,K,G,S,Q
B,Q,D,R,Q,M,Q,H,K,R,R
B,K,T,L,M,L,W,F,L,R,G
B,K,S,M,G,H,W,Y,A,R,K
B,T,I,G,K,K,S,G,K,E,H
B,A,L,R,R,R,W,Q,L,K,R
B,K,V,T,K,T,I,I,A,S,E
B,S,H,A,T,G,N,T,Q,L,K
B,Q,A,K,R,M,I,I,T,A,L
B,S,T,W,T,I,K,T,K,G,T
B,K,L,F,Q,K,Q,L,R,S,R
B,A,M,A,R,T,K,K,L,R,Y
B,R,S,M,G,S,M,F,S,R,G
B,K,V,S,L,S,I,I,A,S,Q
B,S,G,R,E,S,T,S,T,K,S
B,T,K,E,K,E,M,S,G,K,R
B,Q,G,A,P,G,K,M,K,E,R
B,V,G,G,G,R,K,G,A,V,G
B,A,K,K,T,V,R,K,L,R,K
B,G,S,T,T,Q,G,N,L,Q,G
B,T,A,A,G,N,A,N,K,N,S